"OS","OS_INTERNA","MOTIVO_DA_OS","DESCRICAO_DO_SERVICO","ULTIMA_ATUALIZACAO","SETOR","CD_FUNC"
95522,92446,"CRIAÇÃO DE DASHBOARD INTERNAÇÃO","FEITO CORREÇÃO DO NÚMERO DE LEITOS ATIVOS HOJE NAS UNIDADES DE INTERNAÇÃO. NÚMEROS FORAM VALIDADOS PELA JANAINA DA INTERNAÇÃO DO SUS","2023-01-18 16:35:00","DIRETORIA GERAL",72
95522,92445,"CRIAÇÃO DE DASHBOARD INTERNAÇÃO","CRIADO DASHBOARD MOSTRANDO OS NÚMEROS DE LEITOS ATIVOS DE CADA UNIDADE BEM COMO A OCUPAÇÃO E LEITOS VAGOS. AGUARDANDO VALIDAÇÃO DOS NUMEROS DE LEITOS ATIVOS POR PARTE DA INTERNAÇÃO","2023-01-18 12:27:00","DIRETORIA GERAL",72
95522,92444,"CRIAÇÃO DE DASHBOARD INTERNAÇÃO","EM DESENVOLVIMENTO","2023-01-16 19:00:00","DIRETORIA GERAL",72
95521,92443,"CRIAÇÃO DE DASHBOARD INTERNAÇÃO","FEITO A CRIAÇÃO DE UM PARAMETRO GLOBAL PARA QUE SEJA POSSÍVEL SELECIONAR UM OU MAIS SETORES NO INDICADOR","2023-01-18 09:00:00","DIRETORIA GERAL",72
95521,92442,"CRIAÇÃO DE DASHBOARD INTERNAÇÃO","INDICADOR DESENVOLVIDO. O MESMO IRÁ RETORNAR A QUANTIDADE DE LEITOS ATIVOS DO SETOR, OCUPADOS E VAGOS. TAMBÉM FOI INSERIDO UM GRÁFICO MOSTRANDO O STATUS DE CAPACIDADE MAXIMA DO SETOR E O QUANTO QUE FOI UTILIZADO PELO FILTRO DE PERÍDO.","2023-01-16 18:00:00","DIRETORIA GERAL",72
95520,92441,"SUPORTE AGENDA","A USUARIA ESTAVA COM ERRO AO INSERIR ENCAIXE, FOI ORIENTADA A SAIR E ENTRAR NO SISTEMA NOVAMENTE","2023-01-18 12:13:00","ENDOSCOPIA",50
95519,92440,"IMPRESSORA NÃO FUNCIONA","BANDEJA DE PAPEL ESTAVA ABERTA","2023-01-18 12:04:00","AMBULATORIOS",72
95517,92439,"LAYOUT NOVO NASAJON","ALTERAÇÃO NO LOGO DO SISTEMA","2023-01-18 12:00:00","FMC",50
95517,92438,"LAYOUT NOVO NASAJON","ALTERAÇÃO NO CNPJ HO HOSPITAL ESCOLA ALVARO ALVIM NO NASAJON","2023-01-18 12:00:00","FMC",50
95413,92437,"FORMATAR MAQUINA DA KERIENE DA DIREÇÃO PARA O NOSSO PADRÃO","FEITO","2023-01-17 09:00:00","DIRETORIA GERAL",75
95502,92436,"SOLICITO TROCA DE LOCALIZAÇÃO DO COMPUTADOR.","FEITO","2023-01-18 11:20:00","4 ANDAR CLINICA CIRUR",75
95517,92435,"LAYOUT NOVO NASAJON","RETIRADO COMPRA AUTORIZADOR DO RELATORIO","2023-01-18 11:31:00","FMC",50
95517,92434,"LAYOUT NOVO NASAJON","FEITO TROCA DO LOGO E AJUSTE NAS ASSINATURAS DO PRESIDENTE E TESOUREIRO","2023-01-18 11:31:00","FMC",50
95516,92433,"ALTERAR TEXTO PADRÃO","AUXILIADO DR ELMER ONDE ALTERAR TEXTO PADRÃO DE DESCRIÇÃO CIRURGICA E FEITO ACOMPANHAMENTO DAS ALTERAÇÕES","2023-01-18 10:46:00","CENTRO CIRURGICO",50
95515,92432,"MV NÃO ABRE","
MUITOS PROCESSOS DO LAS ABERTOS, RESOLVIDO.","2023-01-18 11:25:00","5 ANDAR CLINICA CIRURG",75
95514,92431,"EMPRENHO PARA COMPRA DE COMPUTADOR","FEITO SOLICITAÇÃO DE COMPRA PARA COMPUTADOR NOVO","2023-01-18 08:42:00","FATURAMENTO",50
95505,92430,"AGENDA","USUARIO MARCELA.SILVA LIBERADA PARA FAZER ENCAIXE","2023-01-18 10:20:00","REC. AMBULATORIO PARTICULAR",75
95505,92429,"AGENDA","USUARIO THAIS.VIEIRA LIBERADA PARA FAZER ENCAIXE","2023-01-18 10:20:00","REC. AMBULATORIO PARTICULAR",75
95505,92428,"AGENDA","USUARIO ELISA.SUETH LIBERADA PARA FAZER ENCAIXE","2023-01-18 10:20:00","REC. AMBULATORIO PARTICULAR",75
95505,92427,"AGENDA","USUARIO SAMARIA.MARCELINO LIBERADA PARA FAZER ENCAIXE","2023-01-18 10:20:00","REC. AMBULATORIO PARTICULAR",75
95504,92416,"IMPRESSORA NEECSSITA DE SUPORTE PARA FECHAR BANDEJA","
CHEGANDO AO LOCAL O PROBLEMA JA HAVIA SIDO RESOLVIDO","2023-01-18 10:12:00","SERVICO SOCIAL",72
95498,92415,"INSTALAÇÃO COMPUTADOR","FEITO CONECTOR FÊMEA","2023-01-18 09:57:00","REC. INTERNACAO SUS",50
95498,92414,"INSTALAÇÃO COMPUTADOR","FEITO CONECTOR FÊMEA","2023-01-18 09:57:00","REC. INTERNACAO SUS",72
95498,92413,"INSTALAÇÃO COMPUTADOR","FEITO A INSTALAÇÃO DO COMPUTADOR NA NOVA SALA","2023-01-18 09:57:00","REC. INTERNACAO SUS",50
95498,92412,"INSTALAÇÃO COMPUTADOR","FEITO A INSTALAÇÃO DO COMPUTADOR NA NOVA SALA","2023-01-18 09:57:00","REC. INTERNACAO SUS",72
95501,92409,"USUARIO NAO CONSEGUE IMPRIMIR FICHA DE ATENDIMENTO","OPERAÇÃO DE FUNDO ESTAVA ABERTO","2023-01-18 08:36:00","RADIOTERAPIA",72
95496,92406,"O SISTEMA SGH NÃO ESTA ABRINDO","SCRIPT DE MAEPAMENTO CONFIGURADO PARA RODAR NA INICIALIZAÇÃO DO SISTEMA","2023-01-18 08:10:00","SAME",75
95468,92405,"O SISTEMA DO SGH NÃO ESTA ABRINDO","SCRIPT DE MAEPAMENTO CONFIGURADO PARA RODAR NA INICIALIZAÇÃO DO SISTEMA","2023-01-17 08:20:00","SAME",75
95489,92393,"EMAIL INTERNACAO SUS","EMAIL CONFIGURADO NO COMPUTADOR E DADOS REPASSADOS","2023-01-17 10:09:00","ACOLHIMENTO SUS",61
95488,92391,"ERRO NO SISTEMA AO IMPRIMIR RELATORIO","IP 6.31 - ANTIVIRUS REMOVEU O EXECUTAVEL DO SISTEMA MV - RESOLVIDO","2023-01-17 13:38:00","RADIOTERAPIA",75
95488,92390,"ERRO NO SISTEMA AO IMPRIMIR RELATORIO","IP 6.31 - ANTIVIRUS REMOVEU O EXECUTAVEL DO SISTEMA MV - RESOLVIDO","2023-01-17 13:38:00","RADIOTERAPIA",61
95488,92389,"ERRO NO SISTEMA AO IMPRIMIR RELATORIO","IP 6.30 - RESOLVIDO TENTANDO IMPRIMIR NOVAMENTE APÓS FECHAR O APP DE RELATORIOS","2023-01-17 13:22:00","RADIOTERAPIA",61
95486,92387,"NO CENTRO CIRURGICO","PASTA MAPEADA NO COMPUTADOR IP 49","2023-01-17 13:21:00","CENTRO CIRURGICO",61
95486,92386,"NO CENTRO CIRURGICO","PASTA REMAPEADA NO COMPUTADOR IP 42","2023-01-17 13:18:00","CENTRO CIRURGICO",61
95486,92385,"NO CENTRO CIRURGICO","PASTA REMAPEADA NO COMPUTADOR IP 89, MAS NÃO DEU PARA COLOCAR ATALHO NA AREA DE TRABALHO PORQUE NÃO DEIXARAM MEXER O MOUSE","2023-01-17 13:15:00","CENTRO CIRURGICO",61
95486,92384,"NO CENTRO CIRURGICO","PASTA REMAPEADA NO COMPUTADOR IP 50","2023-01-17 13:13:00","CENTRO CIRURGICO",61
95486,92383,"NO CENTRO CIRURGICO","PASTA REMAPEADA NO COMPUTADOR IP 43","2023-01-17 13:11:00","CENTRO CIRURGICO",61
95485,92381,"MAPEAMENTO DE REDE","MAPEADO A PASTA COMPARTILHADA DA ENFERMAGEM NO POSTO DO 2 ANDAR","2023-01-17 12:20:00","CHEFIA ENFERMAGEM",50
95485,92380,"MAPEAMENTO DE REDE","MAPEADO A PASTA COMPARTILHADA DA ENFERMAGEM NO POSTO DO 2 ANDAR","2023-01-17 12:20:00","CHEFIA ENFERMAGEM",50
95485,92379,"MAPEAMENTO DE REDE","MAPEADO A PASTA COMPARTILHADA DA ENFERMAGEM NO POSTO DO 3 ANDAR","2023-01-17 12:20:00","CHEFIA ENFERMAGEM",50
95485,92378,"MAPEAMENTO DE REDE","MAPEADO A PASTA COMPARTILHADA DA ENFERMAGEM NO POSTO DO 4 ANDAR","2023-01-17 12:20:00","CHEFIA ENFERMAGEM",50
95484,92377,"INSTALAR COMPUTADOR 4° ANDAR","MICRO FORMATADO E INSTALADO NO SETOR.","2023-01-17 10:45:00","4 ANDAR - CIRURGICO",75
95483,92376,"FORMATAR COMPUTADOR DIREÇÃO","PASSADA A IMAGEM PADRÃO DO SISTEMA, MICRO CONFIGURADO E BACKUP RESTAURADO, IMPRESSORA CONFIGURADA, PASTAS COMPARTILHADAS.","2023-01-17 10:45:00","DIRETORIA GERAL",75
95480,92373,"SUPORTE A IMPRESSÃO DE DOCUMENTOS MVPEP","ATRIBUIDO PRESTADOR DA PSICOLOGA ADRIANA AO USUARIO DO DANIEL E IMPRESSO AS ANAMNESE DOS PACIENTE DO DIA 13.11.2022","2023-01-17 10:55:00","REC. AMBULATORIO SUS",50
95480,92372,"SUPORTE A IMPRESSÃO DE DOCUMENTOS MVPEP","ATRIBUIDO PRESTADOR DA PSICOLOGA ADRIANA AO USUARIO DO DANIEL E IMPRESSO AS ANAMNESE DOS PACIENTE DO DIA 17.11.2022","2023-01-17 10:55:00","REC. AMBULATORIO SUS",50
95480,92371,"SUPORTE A IMPRESSÃO DE DOCUMENTOS MVPEP","ATRIBUIDO PRESTADOR DA PSICOLOGA ADRIANA AO USUARIO DO DANIEL E IMPRESSO AS ANAMNESE DOS PACIENTE DO DIA 08.12.2022","2023-01-17 10:55:00","REC. AMBULATORIO SUS",50
95480,92370,"SUPORTE A IMPRESSÃO DE DOCUMENTOS MVPEP","ATRIBUIDO PRESTADOR DA PSICOLOGA ADRIANA AO USUARIO DO DANIEL E IMPRESSO AS ANAMNESE DOS PACIENTE DO DIA 15.12.2022","2023-01-17 10:55:00","REC. AMBULATORIO SUS",50
95480,92369,"SUPORTE A IMPRESSÃO DE DOCUMENTOS MVPEP","ATRIBUIDO PRESTADOR DA PSICOLOGA ADRIANA AO USUARIO DO DANIEL E IMPRESSO AS ANAMNESE DOS PACIENTE DO DIA 22.12.2022","2023-01-17 10:55:00","REC. AMBULATORIO SUS",50
95479,92368,"REUNIÃO EQUIPE GREEN","ALINHAMENTO DAS PASTAS E CERTIFICADORA","2023-01-17 11:06:00","SAME",50
95469,92363,"2 COMPUTADORES SEM INTERNET E NÃO ABRE SISTEMA","SWITCH COM MAL CONTATO","2023-01-17 07:43:00","ONCOLOGIA",61
95456,92351,"CONFIGURAÇÃO DE IMPRESSORA","IMPRESSORA HP CONFIGURADA NO MICRO 192.168.0.42","2023-01-16 16:00:00","CENTRO CIRURGICO",75
95454,92348,"LIBERAR AGENDA","CRIADO A ESCALA DA MEDICA E LIBERADO A AGENDA DO DIA DE HOJE APENAS","2023-01-16 13:10:00","REC. AMBULATORIO PARTICULAR",50
95453,92347,"IMPRESSORA COM RUÍDO","CHAMADO ABERTO PARA A EMPRESA UNIVERSO DIGITAL","2023-01-16 12:30:00","DEPARTAMENTO PESSOAL",75
95452,92346,"IMPRESSORA NÃO FUNCIONA","INSTALADA E CONFIGURADA IMPRESSORA OKI NO MICRO 0,50 DA SALA DE PRISCILA.","2023-01-16 11:15:00","CENTRO CIRURGICO",75
95452,92345,"IMPRESSORA NÃO FUNCIONA","INSTALADA E CONFIGURADA IMPRESSORA HP DO CORREDOR NO MICRO 0,89 DA RECEPÇÃO","2023-01-16 11:15:00","CENTRO CIRURGICO",75
95452,92344,"IMPRESSORA NÃO FUNCIONA","INSTALADA E CONFIGURADA IMPRESSORA OKI NO MICRO 0,89 DA RECEPÇÃO","2023-01-16 11:15:00","CENTRO CIRURGICO",75
95452,92343,"IMPRESSORA NÃO FUNCIONA","MICROSOFT EDGE COM ERRO AO ABRIR PDF, INSTALADO O ADOBE ACROBAT","2023-01-16 11:15:00","CENTRO CIRURGICO",75
95451,92342,"MEDICO NÃO CONSEGUE VISUALIZAR PACIENTES","FILTRO ESTAVA SELECIONADO PARA MOSTRAR ATENDIMENTOS DE OUTRO MÉDICO, CORRIGIDO","2023-01-16 11:10:00","AMBULATORIOS",75
95450,92341,"VERIFICAR TECLADO FALHANDO","ALESSANDRA REALIZOU A TROCA DO TECLADO, OK","2023-01-16 12:07:00","CENTRO CIRURGICO",50
95448,92335,"PAPEL TIPO FOTO","CHAMADO ABERTO PARA A UNIVERSO DIGITAL","2023-01-16 09:57:00","RAIO-X",75
95447,92334,"USUARIO NAO CONSEGUE FAZER DEVOLUÇAO DE MEDICAMENTOS NO PEP","FOI NECESSARIO ALTERAR A DATA E HORA DA SOLICITAÇÃO DE DEVOLUÇÃO POIS O PACIENTE JA SE ENCONTRA DE ALTA.","2023-01-16 09:50:00","4 ANDAR - CIRURGICO",72
95445,92333,"IMPRESSORA TRAVADA","FEITA A TROCA DO TONER","2023-01-16 09:41:00","RADIOTERAPIA",75
95444,92332,"FOLHA ATOLADA","PAPEL REMOVIDO","2023-01-16 09:30:00","RAIO-X",75
95441,92331,"REPARO NA IMPRESSORA DO QUINTO ANDAR","REMOVIDO DOCUMENTO TRAVANDO AO IMPRESSORA","2023-01-16 09:50:00","5 ANDAR CLINICA ONCO",75
95446,92330,"MEDICO INFORMA QUE PACIENTES ESTÃO SUMINDO DO SISTEMA","PACIENTES ESTAVAM SUMINDO DA AGENDA POIS QUEM ESTAVA ATENDENDO PELO SISTEMA ERA A RESIDENTE LETICIA QUEIROZ. COM ISSO OS ATENDIMENTOS FICARAM ATRELADOS AO SEU USUARIO","2023-01-16 09:11:00","AMBULATORIOS",72
95090,92327,"CONFIGURAÇÃO NOVO TIMBRADO NO MV","ALTERADO CABEÇALHO E RODAPÉ DO DOCUMENTO ""PEDIDO DE EXAME CSEC""","2023-01-16 08:59:00","GTI",50
95090,92325,"CONFIGURAÇÃO NOVO TIMBRADO NO MV","ALTERADO CABEÇALHO E RODAPÉ DO DOCUMENTO ""PEDIDO DE EXAME CARDIOLOGIA CSEC""","2023-01-16 08:55:00","GTI",50
95090,92324,"CONFIGURAÇÃO NOVO TIMBRADO NO MV","ALTERADO CABEÇALHO E RODAPÉ DO DOCUMENTO ""PEDIDO DE EXAME AMBULATORIAL CSEC""","2023-01-16 08:55:00","GTI",50
95090,92322,"CONFIGURAÇÃO NOVO TIMBRADO NO MV","ALTERADO CABEÇALHO E RODAPÉ DO DOCUMENTO ""PEDIDO_EXAMES_OUTRO_CSEC""","2023-01-16 08:40:00","GTI",72
95443,92321,"CONFIGURAÇÃO IMPRESSORA","IMPRESSORA DO 4 ANDAR INSTALADA","2023-01-16 08:45:00","4 ANDAR CIRURGICO",50
95443,92320,"CONFIGURAÇÃO IMPRESSORA","FEITO O ATENDIMENTO E ENCAMINHADO PARA RAMIREZ FINALIZAR","2023-01-16 08:41:00","4 ANDAR CIRURGICO",50
95090,92319,"CONFIGURAÇÃO NOVO TIMBRADO NO MV","ALTERADO CABEÇALHO E RODAPÉ DO DOCUMENTO ""LAUDO_APAC CSEC""","2023-01-16 08:42:00","GTI",50
95442,92318,"CRIAÇÃO DE NOVA IMAGEM DE SISTEMA","CONFIGURADO OCX","2023-01-13 16:00:00","GTI",50
95442,92317,"CRIAÇÃO DE NOVA IMAGEM DE SISTEMA","ATUALIZADO INSTALADO AUTOMATICO PARA A VERSAO 4","2023-01-13 16:00:00","GTI",75
95442,92316,"CRIAÇÃO DE NOVA IMAGEM DE SISTEMA","CRIAÇÃO DA NOVA IMAGEM COM O CLONEZILLA","2023-01-13 16:00:00","GTI",75
95442,92315,"CRIAÇÃO DE NOVA IMAGEM DE SISTEMA","LIMPEZA DE ARQUIVOS DE SISTEMA, ARQUIVOS DO WINDOWS UPDATE E LIXEIRA DOS USUARIOS","2023-01-13 16:00:00","GTI",75
95442,92314,"CRIAÇÃO DE NOVA IMAGEM DE SISTEMA","ATUALIZADO POLITICA PARA IMPEDIR ATUALIZAÇÃO AUTOMATICA PARA O WINDOWS 11","2023-01-13 16:00:00","GTI",75
95442,92313,"CRIAÇÃO DE NOVA IMAGEM DE SISTEMA","ATUALIZADO WINDOWS UPDATE PARA ULTIMA VERSÃO","2023-01-13 16:00:00","GTI",75
95442,92312,"CRIAÇÃO DE NOVA IMAGEM DE SISTEMA","ATUALIZADO ICONES DO USUARIO HEAA E GTI","2023-01-13 16:00:00","GTI",75
95442,92311,"CRIAÇÃO DE NOVA IMAGEM DE SISTEMA","ATUALIZADO BGINFO","2023-01-13 16:00:00","GTI",75
95442,92310,"CRIAÇÃO DE NOVA IMAGEM DE SISTEMA","INICIADA A IMAGEM EM UM COMPUTADOR PADRÃO DELL","2023-01-13 16:00:00","GTI",75
95090,92309,"CONFIGURAÇÃO NOVO TIMBRADO NO MV","ALTERADO CABEÇALHO E RODAPÉ DO DOCUMENTO ""GUIA AMBULATORIAL CSEC""","2023-01-16 08:38:00","GTI",50
95090,92308,"CONFIGURAÇÃO NOVO TIMBRADO NO MV","ALTERADO CABEÇALHO E RODAPÉ DO DOCUMENTO ""PEDIDO_EXAME_RAIOX_CSEC""","2023-01-16 08:36:00","GTI",72
95090,92307,"CONFIGURAÇÃO NOVO TIMBRADO NO MV","ALTERADO CABEÇALHO E RODAPÉ DO DOCUMENTO ""PEDIDO_EXAME_ULTRASSONOGRAFIA_CSEC""","2023-01-16 08:34:00","GTI",72
95440,92306,"IMPRESSORA EMBOLANDO PAPEL","ABERTO CHAMADO PARA A UNIVERSO DIGITAL","2023-01-16 08:15:00","RAIO-X",75
95440,92305,"IMPRESSORA EMBOLANDO PAPEL","PAPEL REMOVIDO DA IMPRESSORA","2023-01-16 08:15:00","RAIO-X",75
95090,92304,"CONFIGURAÇÃO NOVO TIMBRADO NO MV","ALTERADO CABEÇALHO E RODAPÉ DO DOCUMENTO ""RECEITUARIO_ESPECIAL_AMB_CSEC""","2023-01-16 08:31:00","GTI",72
95090,92303,"CONFIGURAÇÃO NOVO TIMBRADO NO MV","ALTERADO CABEÇALHO E RODAPÉ DO DOCUMENTO ""FICHA_REFERENCIA CSEC""","2023-01-16 08:31:00","GTI",50
95090,92302,"CONFIGURAÇÃO NOVO TIMBRADO NO MV","ALTERADO CABEÇALHO E RODAPÉ DO DOCUMENTO ""FICHA_CLINICA_DA_MULHER CSEC""","2023-01-16 08:25:00","GTI",50
95090,92301,"CONFIGURAÇÃO NOVO TIMBRADO NO MV","ALTERADO CABEÇALHO E RODAPÉ DO DOCUMENTO ""RECEIT_AMBULATORIO_CSEC","2023-01-16 08:27:00","GTI",72
95090,92300,"CONFIGURAÇÃO NOVO TIMBRADO NO MV","ALTERADO CABEÇALHO E RODAPÉ DO DOCUMENTO ""REQUISICAO_EXAME_HISTOP_CSEC""","2023-01-16 08:25:00","GTI",72
95090,92299,"CONFIGURAÇÃO NOVO TIMBRADO NO MV","ALTERADO CABEÇALHO E RODAPÉ DO DOCUMENTO ""RESULTADO_DE_EXAMES_PRE_OP_GINECO_MAST_CSEC""","2023-01-16 08:22:00","GTI",72
95090,92298,"CONFIGURAÇÃO NOVO TIMBRADO NO MV","ALTERADO CABEÇALHO E RODAPÉ DO DOCUMENTO ""TERMO_ESCLARECIMENTO_CSEC""","2023-01-16 08:19:00","GTI",72
95090,92297,"CONFIGURAÇÃO NOVO TIMBRADO NO MV","ALTERADO CABEÇALHO E RODAPÉ DO DOCUMENTO ""ENC_AVALIACAO_CONDUTA CSEC""","2023-01-16 08:16:00","GTI",50
95090,92296,"CONFIGURAÇÃO NOVO TIMBRADO NO MV","ALTERADO CABEÇALHO E RODAPÉ DO DOCUMENTO ""CONSULT_SUB_SEGUI_GINECOLOGIA CSEC""","2023-01-16 08:10:00","GTI",50
95090,92295,"CONFIGURAÇÃO NOVO TIMBRADO NO MV","ALTERADO CABEÇALHO E RODAPÉ DO DOCUMENTO ""BOLETIM_PROCD_ESPECIALIZADO CSEC""","2023-01-16 08:10:00","GTI",50
95090,92294,"CONFIGURAÇÃO NOVO TIMBRADO NO MV","ALTERADO CABEÇALHO E RODAPÉ DO DOCUMENTO ""ATESTADO_MEDICO CSEC""","2023-01-16 08:10:00","GTI",50
95090,92293,"CONFIGURAÇÃO NOVO TIMBRADO NO MV","ALTERADO CABEÇALHO E RODAPÉ DO DOCUMENTO ""ANAMNESE CSEC""","2023-01-16 08:10:00","GTI",50
95090,92292,"CONFIGURAÇÃO NOVO TIMBRADO NO MV","ALTERADO CABEÇALHO E RODAPÉ DO DOCUMENTO ""TERMO_ESCLARECIMENTO - HEAA""","2023-01-16 08:07:00","GTI",72
95090,92291,"CONFIGURAÇÃO NOVO TIMBRADO NO MV","ALTERADO CABEÇALHO E RODAPÉ DO DOCUMENTO ""TERMO_CONSENTIMENTO_ANESTESIA - HEAA""","2023-01-16 07:57:00","GTI",72
95090,92290,"CONFIGURAÇÃO NOVO TIMBRADO NO MV","ALTERADO CABEÇALHO E RODAPÉ DO DOCUMENTO ""RESULTADO_EXAMES_PRE_OP_GINECO_MAST - HEAA""","2023-01-16 07:53:00","GTI",72
95090,92289,"CONFIGURAÇÃO NOVO TIMBRADO NO MV","ALTERADO CABEÇALHO E RODAPÉ DO DOCUMENTO ""REQUISICAO_EXA_HISTOP_AMB_ - HEAA""","2023-01-16 07:49:00","GTI",72
95090,92288,"CONFIGURAÇÃO NOVO TIMBRADO NO MV","ALTERADO CABEÇALHO E RODAPÉ DO DOCUMENTO ""RECEIT_AMBULATORIO - HEAA""","2023-01-16 07:47:00","GTI",72
95090,92287,"CONFIGURAÇÃO NOVO TIMBRADO NO MV","ALTERADO CABEÇALHO E RODAPÉ DO DOCUMENTO ""RECEITUARIO_ESPECIAL_AMB - HEAA""","2023-01-16 07:45:00","GTI",72
95090,92286,"CONFIGURAÇÃO NOVO TIMBRADO NO MV","ALTERADO CABEÇALHO E RODAPÉ DO DOCUMENTO ""PEDIDO_EXAME_ULTRASSONOGRAFIA - HEAA""","2023-01-16 07:42:00","GTI",72
95382,92285,"NO CC","COMPUTADOR INSTALADO NOVAMENTE NA ULTIMA MESA DO CC","2023-01-15 17:18:00","CENTRO CIRURGICO",72
95381,92284,"NO CC","COMPUTADOR INSTALADO NO BALCÃO DA RECEPÇÃO","2023-01-15 17:17:00","CENTRO CIRURGICO",72
95090,92283,"CONFIGURAÇÃO NOVO TIMBRADO NO MV","ALTERADO CABEÇALHO E RODAPÉ DO DOCUMENTO ""PEDIDO_EXAME_RAIOX - HEAA""","2023-01-15 14:37:00","GTI",72
95090,92282,"CONFIGURAÇÃO NOVO TIMBRADO NO MV","ALTERADO CABEÇALHO E RODAPÉ DO DOCUMENTO ""PEDIDO_EXAMES_OUTROS - HEAA""","2023-01-15 14:35:00","GTI",72
95090,92281,"CONFIGURAÇÃO NOVO TIMBRADO NO MV","ALTERADO CABEÇALHO E RODAPÉ DO DOCUMENTO ""PEDIDO_EXAMES_LABORATORIO - HEAA""","2023-01-15 14:34:00","GTI",72
95090,92280,"CONFIGURAÇÃO NOVO TIMBRADO NO MV","ALTERADO CABEÇALHO E RODAPÉ DO DOCUMENTO ""PEDIDO_EXAMES_CARDIOLOGIA - HEAA""","2023-01-15 14:31:00","GTI",72
95090,92279,"CONFIGURAÇÃO NOVO TIMBRADO NO MV","ALTERADO CABEÇALHO E RODAPÉ DO DOCUMENTO ""PEDIDO_EXAME_AMBULATORIO - HEAA""","2023-01-15 14:29:00","GTI",72
95090,92278,"CONFIGURAÇÃO NOVO TIMBRADO NO MV","ALTERADO CABEÇALHO E RODAPÉ DO DOCUMENTO ""NOTIFICACAO_INTERNACAO_CIRURGIA  - HEAA""","2023-01-15 14:24:00","GTI",72
95090,92277,"CONFIGURAÇÃO NOVO TIMBRADO NO MV","ALTERADO CABEÇALHO E RODAPÉ DO DOCUMENTO ""LAUDO_APAC - HEAA""","2023-01-15 14:20:00","GTI",72
95090,92276,"CONFIGURAÇÃO NOVO TIMBRADO NO MV","ALTERADO CABEÇALHO E RODAPÉ DO DOCUMENTO ""GUIA_AMBULATORIAL - HEAA""","2023-01-15 14:18:00","GTI",72
95090,92275,"CONFIGURAÇÃO NOVO TIMBRADO NO MV","ALTERADO CABEÇALHO E RODAPÉ DO DOCUMENTO ""FICHA_REFERENCIA - HEAA""","2023-01-15 14:09:00","GTI",72
95431,92274,"MEDICA NAO CONSEGUE FAZER PRESCRIÇÃO MÉDICA","MEDICA ESTAVA ABRINDO UM ATENDIMENTO QUE NÃO ERA O DE INTERNAÇÃO","2023-01-15 12:53:00","4 ANDAR - CIRURGICO",72
95430,92273,"NUTRICIONISTA NÃO CONSEGUE RESPONDER PARECER","FEITO ORIENTAÇÃO NECESSÁRIA","2023-01-15 09:01:00","NUTRICAO",72
95429,92272,"TROCA DE TONNER","TONNER NOVO INSTALADO NO LOCAL","2023-01-15 08:43:00","3 ANDAR",72
95288,92260,"AJUSTE NO MV PEP ONDE NAO APARECE INFORMACAO NOS ANEXOS DOS EXAMES 192.168.6.31","INSTALADO ANTIVIRUS KASPERSKY NO COMPUTADOR, VIRUS REMOVIDO.","2023-01-13 11:20:00","RADIOTERAPIA",75
95395,92259,"ALMENTO DE FONTE DO MV","ALTERADA RESOLUÇÃO DO MONITOR","2023-01-13 09:15:00","SAME",75
95414,92258,"PASTAS DE REDE COM PROBLEMA","PASTAS TIVERAM QUE SER REMAPEADAS","2023-01-13 17:01:00","DIRETORIA GERAL",61
95410,92255,"TESTE DE CABO DE REDE NA DIREÇÃO","CABO TESTADO","2023-01-13 08:34:00","DIRETORIA GERAL",61
95409,92254,"TELA DO SISTEMA NAO FECHA","SISTEMA FECHADO PELO GERENCIADOR DE TAREFAS","2023-01-13 09:05:00","3 ANDAR-CLINICA MEDICA",61
95408,92253,"MONITOR COM PROBLEMA LETRAS GRANDES","DRIVER DE VIDEO DESCONFIGUROU, FOI NECESSARIO REINSTALAR","2023-01-13 07:21:00","RAIO-X",61
95347,92252,"INSTALAÇÃO DA IMPRESSORA","TROCA DE TONER","2023-01-13 15:43:00","CENTRO INFERTILIDADE",61
95347,92251,"INSTALAÇÃO DA IMPRESSORA","IMPRESSORA USB INSTALADA","2023-01-13 16:17:00","CENTRO INFERTILIDADE",61
95363,92250,"RETIRAR DO SITE DO HEAA CLASSIFICAÇÃO 1ª FASE E GABARITO","RETIRADOS DO SITE","2023-01-13 16:09:00","CENTRO DE ESTUDOS/COREME",50
95406,92248,"SUPORTE A SISAH01","COLOCAÇÃO DE SENHA PARA INSTALAR NOVA VERSÃO DO PROGRAMA","2023-01-13 16:04:00","FATURAMENTO",50
95405,92247,"COLOCAÇÃO DO COMPUTADOR","RETIRADO COMPUTADOR DA MESA ANTIGA SALA 10 E COLOCADO NA MESA NOVA","2023-01-13 15:10:00","REC. AMBULATORIO SUS",50
95405,92246,"COLOCAÇÃO DO COMPUTADOR","RETIRADO O COMPUTADOR QUE ESTAVA PRESO NA MESA ANTIGA NA SALA 8 E COLOCADO NA MESA NOVA DA SALA 09","2023-01-13 15:10:00","REC. AMBULATORIO SUS",50
95404,92245,"COMPUTADOR SALA DE ANDRE","PASSADO CABO DO COMPUTADOR PARA SALA DE DR GERALDO E LIGADO NO SWITCH","2023-01-13 15:55:00","DIRETORIA GERAL",50
95404,92244,"COMPUTADOR SALA DE ANDRE","FEITO  COMPRA DO SUPORTE DA TV A PEDIDO DE ANDRE E COMPRA DO HDMI DE 5METROS","2023-01-13 11:36:00","DIRETORIA GERAL",50
95404,92243,"COMPUTADOR SALA DE ANDRE","COLOCADO A PLACA DE VIDEO NO COMPUTADOR, POIS A PLACA MAE NÃO TIHA ENTRADA HDMI","2023-01-13 09:28:00","DIRETORIA GERAL",50
95393,92229,"IMPRESSORA DE ETIQUETAS COM PROBLEMAS DA MAQUINA COM IP 1921680157","IMPRESSORA COM CABO USB DESCONECTADO","2023-01-13 07:45:00","LAB ANALISES CLINICAS",75
95387,92223,"EFETUAR A COMPRA DE TECLADO E MOUSE SEM FIO","FEITO A COMPRA DE TECLADO E MOUSE SEM FIO NA LOJA FANY","2023-01-12 17:50:00","DIRETORIA GERAL",72
95386,92222,"PASSAGEM DE CABO DE REDE SALA 8","FEITO PASSAGEM DOS CABOS DE REDE","2023-01-12 16:55:00","AMBULATORIOS",50
95386,92221,"PASSAGEM DE CABO DE REDE SALA 8","FEITO PASSAGEM DOS CABOS DE REDE","2023-01-12 16:55:00","AMBULATORIOS",72
95385,92220,"PASSAGEM DE CABO DE REDE SALA 10","FEITO CONECTOR FEMEA NA SALA 09","2023-01-12 16:55:00","AMBULATORIOS",75
95385,92219,"PASSAGEM DE CABO DE REDE SALA 10","FEITO CONECTORES RJ 45","2023-01-12 16:55:00","AMBULATORIOS",50
95385,92218,"PASSAGEM DE CABO DE REDE SALA 10","FEITO PASSAGEM DOS CABOS DE REDE PARA SALA 10","2023-01-12 16:55:00","AMBULATORIOS",72
95385,92217,"PASSAGEM DE CABO DE REDE SALA 10","FEITO PASSAGEM DOS CABOS DE REDE PARA SALA 10","2023-01-12 16:55:00","AMBULATORIOS",50
95385,92216,"PASSAGEM DE CABO DE REDE SALA 10","FEITO PASSAGEM DOS CABOS DE REDE PARA SALA 10","2023-01-12 16:55:00","AMBULATORIOS",72
95384,92211,"PASSAGEM DE CABO DE REDE SALA 9","FEITO CONECTOR FEMEA NA SALA 09","2023-01-12 16:55:00","REC. AMBULATORIO SUS",75
95384,92210,"PASSAGEM DE CABO DE REDE SALA 9","FEITO OS CONECTORES RJ45","2023-01-12 16:55:00","REC. AMBULATORIO SUS",72
95384,92209,"PASSAGEM DE CABO DE REDE SALA 9","FEITO OS CONECTORES RJ 45","2023-01-12 16:55:00","REC. AMBULATORIO SUS",50
95384,92208,"PASSAGEM DE CABO DE REDE SALA 9","PASSAGEM DE CABO DE REDE PARA SALA 09","2023-01-12 16:55:00","REC. AMBULATORIO SUS",72
95384,92207,"PASSAGEM DE CABO DE REDE SALA 9","PASSAGEM DE CABO DE REDE PARA SALA 09","2023-01-12 16:55:00","REC. AMBULATORIO SUS",50
95373,92205,"COMPUTADOR QUE TROCOU O CPU PRECISA DE WORD","PASSADO O SOFTWARE PARA A MAQUINA E REALIZADO A INSTALAÇÃO DO PACOTE OFFICE2007","2023-01-12 13:38:00","SAME",50
95376,92201,"ERRO AO REALIZAR ALTA APOS CONSULTA","FINALIZADO O MVPEP E FECHADO O LAS, E ABERTO NOVAMENTE","2023-01-12 13:30:00","REC. AMBULATORIO SUS",50
95372,92195,"AJUSTE NO LAUDO MAMOGRAFIA","ACRESCENTADO RECOMENDAÇÕES NO LAUDO A PEDIDO DO MEDICO","2023-01-12 11:48:00","MAMOGRAFIA",50
95362,92194,"COMPUTADOR LENTO E SISTEMA TRAVANDO","TECLADO RUIM COM TECLAS FALHANDO, FOI FEITA A TROCA.","2023-01-12 11:00:00","SAME",75
95362,92193,"COMPUTADOR LENTO E SISTEMA TRAVANDO","MICRO INSTALADO NO SETOR, COMPUTADOR ANTIGO REMOVIDO","2023-01-12 11:00:00","SAME",75
95362,92192,"COMPUTADOR LENTO E SISTEMA TRAVANDO","CONFIGURADO NOVO COMPUTADOR, INSTALADO WINDOWS XP E PROGRAMAS DO SAME","2023-01-12 11:00:00","SAME",75
95371,92191,"PADRONIZAÇÃO DE COMPUTADOR","REALIZADO A PASSAGEM DA IMAGEM DO SISTEMA , REALIZADO CONFIGURAÇÃO","2023-01-12 11:23:00","CENTRO CIRURGICO",50
95090,92190,"CONFIGURAÇÃO NOVO TIMBRADO NO MV","ALTERADO CABEÇALHO E RODAPÉ DO DOCUMENTO ""FICHA_CLINICA_DA_MULHER - HEAA""","2023-01-12 11:21:00","GTI",72
95090,92189,"CONFIGURAÇÃO NOVO TIMBRADO NO MV","ALTERADO CABEÇALHO E RODAPÉ DO DOCUMENTO ""ENC_AVALIACAO_CONDUTA - HEAA""","2023-01-12 11:04:00","GTI",72
95090,92188,"CONFIGURAÇÃO NOVO TIMBRADO NO MV","ALTERADO CABEÇALHO E RODAPÉ DO DOCUMENTO ""CONSULT_SUB_SEGUI_GINECOLOGIA - HEAA""","2023-01-12 11:01:00","GTI",72
95090,92187,"CONFIGURAÇÃO NOVO TIMBRADO NO MV","ALTERADO CABEÇALHO E RODAPÉ DO DOCUMENTO ""BOLETIM_PROCD_ESPECIALIZADO - HEAA""","2023-01-12 10:52:00","GTI",72
95090,92186,"CONFIGURAÇÃO NOVO TIMBRADO NO MV","ALTERADO CABEÇALHO E RODAPÉ DO DOCUMENTO ""ATESTADO MÉDICO AMBULATORIO - HEAA""","2023-01-12 10:50:00","GTI",72
95090,92185,"CONFIGURAÇÃO NOVO TIMBRADO NO MV","ALTERADO CABEÇALHO E RODAPÉ DO DOCUMENTO ""ANAMNESE - HEAA""","2023-01-12 10:45:00","GTI",72
95090,92184,"CONFIGURAÇÃO NOVO TIMBRADO NO MV","ALTERADO CABEÇALHO E RODAPÉ DO DOCUMENTO ""ANAMNESE PRÉ ANESTÉSICA - HEAA""","2023-01-12 10:39:00","GTI",72
95090,92183,"CONFIGURAÇÃO NOVO TIMBRADO NO MV","ALTERADO CABEÇALHO E RODAPÉ DO DOCUMENTO ""AGENDAMENTO DE 1 CONSULTA E RETORNO - HEAA""","2023-01-12 10:11:00","GTI",72
95090,92182,"CONFIGURAÇÃO NOVO TIMBRADO NO MV","INSERIDO RESPONSÁVEL TECNICO E CRM NO LAYOUT DO CSEC. CABECALHO CÓD: 2328 E RODAPÉ 2331","2023-01-12 10:03:00","GTI",72
95365,92181,"AUXILIO A CANCELAR ALTA MEDICA","AUXLIADA A CANCELAR ALTA MEDICA NO MVPEP","2023-01-12 09:48:00","3 ANDAR-CLINICA MEDICA",50
95359,92180,"ACESSO AS EVOLUÇÕES DOS TÉCNICOS DE ENFERMAGEM","CONFIGURADO NO PERFIL DO CTI PARA RETORNAR AS EVOLUÇÕES DOS ANDARES","2023-01-12 09:44:00","CHEFIA ENFERMAGEM",72
95326,92175,"  IMPRESSORA COM RUIDO AO RODAR AS IMPRESSÕES","CHAMADO ABERTO PARA A UNIVERSO DIGITAL.","2023-01-11 10:20:00","2 ANDAR",75
95354,92174,"REMOÇÃO DE CABO DE REDE PENDURADO","CABO RETIRADO","2023-01-12 07:53:00","CHEFIA ENFERMAGEM",72
95360,92173,"SEPARAR/PREPARAR UMA MAQUINA ANTIGA COM SSD PARA LIGAR UMA TV NA DIREÇÃO","RECOLHIDO MAQUINA DO 7 ANDAR, E FEITO INSTALAÇÃO DA IMAGEM","2023-01-12 09:31:00","DIRETORIA GERAL",72
95358,92164,"CRIAÇÃO DE SCRIPT","CRIADO SCRIPT PARA DESABILITAR O UPDATE AUTOMATICO DO WINDOWS 10 PARA WINDOWS 11,EXECUTADO EM TODAS AS ESTAÇÕES DE TRABALHO ELEGIVEIS PARA RECEBER A ATUALIZAÇÃO.","2023-01-11 15:30:00","GTI",75
95353,92163,"INSTALAÇÃO DE PASTA LOCAL ENFERMAGEM","PASTA CONFIGURADA COMO SOLICITADO NO MICRO 1,32","2023-01-11 15:50:00","CHEFIA ENFERMAGEM",75
95353,92162,"INSTALAÇÃO DE PASTA LOCAL ENFERMAGEM","PASTA CONFIGURADA COMO SOLICITADO NO MICRO 0,50","2023-01-11 15:50:00","CHEFIA ENFERMAGEM",75
95353,92161,"INSTALAÇÃO DE PASTA LOCAL ENFERMAGEM","PASTA CONFIGURADA COMO SOLICITADO NO MICRO 0,43","2023-01-11 15:50:00","CHEFIA ENFERMAGEM",75
95353,92160,"INSTALAÇÃO DE PASTA LOCAL ENFERMAGEM","PASTA CONFIGURADA COMO SOLICITADO NO MICRO 0,42","2023-01-11 15:50:00","CHEFIA ENFERMAGEM",75
95337,92152,"IMPRESSORA","PAPEL REMOVIDO","2023-01-11 10:30:00","RAIO-X",75
95325,92151,"SOLICITIAÇÃO DE CONSERTO DO COMPUTADOR QUE ESTÁ TRAVANDO","MICRO REINICIADO, VOLTOU AO NORMAL, MAS O MICRO ESTÁ MUITO LENTO POR SER OBSOLETO, CONSIDERAR A TROCA DO MESMO.","2023-01-11 13:20:00","SAME",75
95355,92149,"CADASTRO DE NOVO USUARIO","FOI CRIADO O USUARIO SOLICITADO VIA EMAIL E ENVIADO AS INFORMAÇÕES","2023-01-11 15:14:00","CSEC",50
95352,92145,"SENHA DO PAGU NÃO FUNCIONA","LOGIN ESTAVA OK, REDE TAMBÉM, CONSEGUIMOS IDENTIFICAR QUE ERA O TECLADO NUMERICO DESLIGADO","2023-01-11 14:34:00","CHEFIA ENFERMAGEM",61
95351,92144,"ERRO AO GERAR AGENDA","FALTAVA ADICIONAR O PRESTADOR AO ITEM DE AGENDAMENTO AMBULATORIAL CSEC","2023-01-11 14:21:00","CSEC",50
95350,92142,"ERRO AO EXCLUIR ATENDIMENTO","ANALISANDO O ERRO AO EXCLUIR ATENDIMENTO COM INTERNAÇÃO, FOI VERIFICADO JUNTO AO FINANCEIRO E FATURAMENTE NÃO É POSSIVEL EXCLUIR ATENDIMENTO COM CONTA LANÇADA, FOI AUXILIADA A DAR ALTA MEDICA E HOSPITALAR NO PACIENTE E LIBERANDO O LEITO","2023-01-11 10:38:00","REC. INTERNACAO PARTICULAR",50
95349,92141,"INSTALAÇÃO DE CERTIFICADO","FOI REALIZADO A INSTALAÇÃO DOS DRIVERS DO CERTIFICADO, INSTALAÇÃO DO FOXIT E ADOBE PDF E TESTADO,OK","2023-01-11 13:15:00","DIRETORIA GERAL",50
95333,92140,"INSTALAR A IMPRESSORA","IMPRESSORA INSTALADA E CONFIGURADA NA REDE DELES","2023-01-11 11:15:00","CENTRO INFERTILIDADE",50
95345,92139,"CRIAÇÃO DE E-MAIL","CONTA DE EMAIL CRIADA, ASSINATURA CONFIGURADA E INFORMAÇÕES REPASSADAS PARA A HELLEN","2023-01-11 12:01:00","LAB ANALISES CLINICAS",61
95344,92138,"PROCEDIMENTO DE DEMISSÃO DE COLABORADOR","CONTA DE E-MAIL ENCONTRADA E SUSPENSA. NÃO FOI ENCONTRADO USUARIO NO SISTEMA MV","2023-01-11 12:15:00","GTI",61
95242,92137,"INSTALAR IMPRESSORA E ADICIONAR MV E SOPHYA AO COMPUTADOR QUE FOI FORMATADO","COMPUTADOR INSTALADO EM OUTRA SALA ENTRE OUTRAS ARRUMAÇÕES","2023-01-11 11:00:00","CENTRO INFERTILIDADE",61
95242,92136,"INSTALAR IMPRESSORA E ADICIONAR MV E SOPHYA AO COMPUTADOR QUE FOI FORMATADO","SOLICITAÇÕES ATENDIDAS EM OUTROS CHAMADOS","2023-01-11 10:19:00","CENTRO INFERTILIDADE",61
95335,92135,"HABILITAR IMPRESSORA AOS COMPUTADORES","IMPRESSORA MAPEADA E CONFIGURADA NO COMPUTADOR","2023-01-11 10:08:00","CENTRO INFERTILIDADE",61
95334,92134,"INSTALAR MV E SHOPYA NO COMPUTADOR","INSTALAÇÃO E TESTE DO SOPHYA","2023-01-11 10:01:00","CENTRO INFERTILIDADE",61
95334,92133,"INSTALAR MV E SHOPYA NO COMPUTADOR","INSTALAÇÃO DO MV200 E MVSOUL","2023-01-11 09:52:00","CENTRO INFERTILIDADE",61
95334,92132,"INSTALAR MV E SHOPYA NO COMPUTADOR","MAPEAMENTOS E CONFIGURAÇÕES DA INTERFACE PARA RECONHECER A REDE DO HOSPITAL","2023-01-11 09:34:00","CENTRO INFERTILIDADE",61
95340,92128,"YOUTUBE BLOQUEADO","AVALIANDO O SISTEMA, NÃO ATENDE OS REQUISITOS DE SEGURANÇA PARA SER LIBERADO","2023-01-11 09:22:00","SAME",50
95339,92127,"TIRAR DUVIDAS SOBRE O SISTEMA","RESOLVIDO","2023-01-11 08:21:00","AMBULATORIOS",61
95338,92126,"PASTA DE REDE SEM ACESSO","UNIDADE DE REDE FOI REMAPEADA","2023-01-11 07:34:00","CCIH",61
95328,92125,"CADASTRO DE LAUDO","CRIADO O TEXTO PADRÃO DA MAMOGRAFIA E ADICIONADO NOS EXAMES E TESTADO NO PERFIL DO MEDICO","2023-01-11 08:30:00","MAMOGRAFIA",50
95318,92118,"PASTAS DE REDE NÃO ACESSAM","RESOLVIDO","2023-01-10 10:14:00","CCIH",61
95317,92117,"COMPUTADOR NÃO FUNCIONA O SISTEMA","ESTAVA SEM CONEXÃO. PEDI QUE DESCONECTASSE E CONECTASSE O CABO AZUL NOVAMENTE, E FUNCIONOU","2023-01-10 16:05:00","CTI",61
95316,92116,"AJUSTE DE PERFIL MV: HELLEN.SANTOS - ACESSO PARA CONSULTA DE SOLICITAÇÃO E ORDEM","VERIFICANDO O SISTEMA , FOI LIBERADO","2023-01-10 16:46:00","LAB ANALISES CLINICAS",50
95285,92114,"ABERTURA DE TICKET COM MV","ANALISANDO O ATENDIMENTO E LANÇAMENTO DA CONTA O SUPORTE DA MV IDENTIFICOU UM ITEM LANÇADO SEM O PRESTADOR, QUANDO COLOCOU O PRESTADOR O SISTEMA RECALCULOU","2023-01-10 16:32:00","FATURAMENTO",50
95315,92109,"IMPRESSORA FAZENDO MUITO BARULHO E TRAVOU","ATOLAMENTO RESOLVIDO - CHAMADO #135513828 ABERTO PARA BARULHO","2023-01-10 16:14:00","2 ANDAR",61
95313,92108,"INSTALAR COMPUTADOR NOVO","SUBSTITUIÇÃO DE SSD E COMPUTADOR","2023-01-10 12:15:00","ALMOXARIFADO",61
95313,92107,"INSTALAR COMPUTADOR NOVO","MONTAGEM DOS COMPONENTES NO GABINETE","2023-01-10 11:45:00","ALMOXARIFADO",61
95287,92106,"SOLICITO A FUNÇÃO DE SCANNER NO COMPUTADOR","MAPEAMENTO DA PASTA DE SCANNER NO COMPUTADOR 192.168.2.68","2023-01-10 15:34:00","LAB PATOLOGIA",61
95287,92105,"SOLICITO A FUNÇÃO DE SCANNER NO COMPUTADOR","MAPEAMENTO DA PASTA DE SCANNER NO COMPUTADOR 192.168.0.241","2023-01-10 15:28:00","LAB PATOLOGIA",61
95287,92104,"SOLICITO A FUNÇÃO DE SCANNER NO COMPUTADOR","CRIAÇÃO DA PASTA DE REDE DO SETOR CITOPATOLOGIA E CONFIGURAÇÃO DAS PERMISSÕES BASICAS","2023-01-10 15:21:00","LAB PATOLOGIA",61
95287,92103,"SOLICITO A FUNÇÃO DE SCANNER NO COMPUTADOR","CONFIGURAÇÃO FTP NA IMPRESSORA, DA PASTA COMPARTILHADA DA CITOPATOLOGIA","2023-01-10 15:16:00","LAB PATOLOGIA",61
95288,92101,"AJUSTE NO MV PEP ONDE NAO APARECE INFORMACAO NOS ANEXOS DOS EXAMES 192.168.6.31","AGUARDANDO AUTORIZAÇÃO PARA FORMATAR","2023-01-10 15:10:00","RADIOTERAPIA",75
95294,92100,"COMPUTADORES DA RECEPÇÃO","CONFIGURADO NOVO IP NAS MAQUINAS DA RECEPÇÃO","2023-01-10 15:10:00","ULTRASSOM",50
95276,92099,"SUPORTE A IMPLANTAÇÃO DO SISTEMA DA GREEN","CRIADO REGRAS NO FIREWALL DO SISTEMA E LIBERADO AS PORTAS SOLICITADAS POR EMAIL PARA TCP/UDP","2023-01-10 11:43:00","GTI",50
95312,92098,"SUPORTE MEDICO","MEDICO ESQUECEU DE ABRIR NOVO DOCUMENTO, FOI AUXILIADO NOVAMENTE","2023-01-10 11:25:00","REC. AMBULATORIO SUS",50
95291,92096,"REUNIÃO COM EQUIPE GREEN","ALINHAMENTO DAS PASTAS E SOBRE CERTIFICADO DIGITAL","2023-01-10 11:16:00","SAME",50
95290,92095,"MAPEAMENTO DE PASTA NOS COMPUTADORES DOS ANDARES","PASTA ENFERMAGEM MAPEADA NO MICRO 5Â° ANDAR PRESCRIÃ§Ã£O /MICRO 02","2023-01-09 09:10:00","CHEFIA ENFERMAGEM",75
95290,92094,"MAPEAMENTO DE PASTA NOS COMPUTADORES DOS ANDARES","PASTA ENFERMAGEM MAPEADA NO MICRO 5Â° ANDAR POSTO /MICRO 01","2023-01-09 09:10:00","CHEFIA ENFERMAGEM",75
95290,92093,"MAPEAMENTO DE PASTA NOS COMPUTADORES DOS ANDARES","PASTA ENFERMAGEM MAPEADA NO MICRO 5Â° ANDAR POSTO /MICRO 01","2023-01-09 09:10:00","CHEFIA ENFERMAGEM",75
95290,92092,"MAPEAMENTO DE PASTA NOS COMPUTADORES DOS ANDARES","PASTA ENFERMAGEM MAPEADA NO MICRO 4Â° ANDAR POSTO /MICRO 01","2023-01-09 09:10:00","CHEFIA ENFERMAGEM",75
95290,92091,"MAPEAMENTO DE PASTA NOS COMPUTADORES DOS ANDARES","PASTA ENFERMAGEM MAPEADA NO MICRO 4Â° ANDAR GINECOLOGIA /MICRO 01","2023-01-09 09:10:00","CHEFIA ENFERMAGEM",75
95290,92090,"MAPEAMENTO DE PASTA NOS COMPUTADORES DOS ANDARES","PASTA ENFERMAGEM MAPEADA NO MICRO 3Â° ANDAR PRESCRIÃ§Ã£O /MICRO 04","2023-01-09 09:10:00","CHEFIA ENFERMAGEM",75
95290,92089,"MAPEAMENTO DE PASTA NOS COMPUTADORES DOS ANDARES","PASTA ENFERMAGEM MAPEADA NO MICRO 3Â° ANDAR PRESCRIÃ§Ã£O /MICRO 03","2023-01-09 09:10:00","CHEFIA ENFERMAGEM",75
95290,92088,"MAPEAMENTO DE PASTA NOS COMPUTADORES DOS ANDARES","PASTA ENFERMAGEM MAPEADA NO MICRO 3Â° ANDAR PRESCRIÃ§Ã£O /MICRO 02","2023-01-09 09:10:00","CHEFIA ENFERMAGEM",75
95290,92087,"MAPEAMENTO DE PASTA NOS COMPUTADORES DOS ANDARES","PASTA ENFERMAGEM MAPEADA NO MICRO 3Â° ANDAR PRESCRIÃ§Ã£O /MICRO 01","2023-01-09 09:10:00","CHEFIA ENFERMAGEM",75
95290,92086,"MAPEAMENTO DE PASTA NOS COMPUTADORES DOS ANDARES","PASTA ENFERMAGEM MAPEADA NO MICRO 3Â° ANDAR POSTO /MICRO 01","2023-01-09 09:10:00","CHEFIA ENFERMAGEM",75
95290,92085,"MAPEAMENTO DE PASTA NOS COMPUTADORES DOS ANDARES","PASTA ENFERMAGEM MAPEADA NO MICRO 2Â° ANDAR POSTO /MICRO 02","2023-01-09 09:10:00","CHEFIA ENFERMAGEM",75
95290,92084,"MAPEAMENTO DE PASTA NOS COMPUTADORES DOS ANDARES","PASTA ENFERMAGEM MAPEADA NO MICRO 2Â° ANDAR POSTO /MICRO 01","2023-01-09 09:10:00","CHEFIA ENFERMAGEM",75
95290,92083,"MAPEAMENTO DE PASTA NOS COMPUTADORES DOS ANDARES","PASTA ENFERMAGEM MAPEADA NO MICRO 2Â° ANDAR CHEFIA ENFERMAGEM /MICRO 03","2023-01-09 09:10:00","CHEFIA ENFERMAGEM",75
95290,92082,"MAPEAMENTO DE PASTA NOS COMPUTADORES DOS ANDARES","PASTA ENFERMAGEM MAPEADA NO MICRO 2Â° ANDAR CHEFIA ENFERMAGEM /MICRO 02
","2023-01-09 09:10:00","CHEFIA ENFERMAGEM",75
95290,92081,"MAPEAMENTO DE PASTA NOS COMPUTADORES DOS ANDARES","PASTA ENFERMAGEM MAPEADA NO MICRO 2Â° ANDAR CHEFIA ENFERMAGEM /MICRO 01
","2023-01-09 09:10:00","CHEFIA ENFERMAGEM",75
95276,92080,"SUPORTE A IMPLANTAÇÃO DO SISTEMA DA GREEN","CONFIGURAÇÃO DE DNS EXTERNO PARA GREEN NO SERVIDOR VPS","2023-01-10 10:43:00","GTI",75
95276,92079,"SUPORTE A IMPLANTAÇÃO DO SISTEMA DA GREEN","CONFIGURAÇÃO DE DNS EXTERNO PARA GREEN NO SERVIDOR VPS","2023-01-10 10:43:00","GTI",50
95289,92078,"SOLICITAR SERVIÇO PARA ENGENHARIA CLINICA","RESOLVIDO - USUARIO INSTRUIDO","2023-01-10 10:02:00","CHEFIA ENFERMAGEM",61
95285,92077,"ABERTURA DE TICKET COM MV","REALIZADO ABERTURA DO TICKET SUP-402701, PARA ERRO AO FECHAR CONTA DE ATENDIMENTO","2023-01-10 10:08:00","FATURAMENTO",50
95282,92076,"CRIAÇÃO DE SCRIPT","CRIADO SCRIPT PARA DEPLOY AUTOMATIVO DO NOVO WALLPAPER EM TODAS AS ESTAÇÕES DE TRABALHO DO HOSPITAL","2023-01-06 14:00:00","GTI",75
95281,92075,"CONFIGURÇÃO DE BACKUP","CONFIGURADO O BACKUP DOS ARQUIVOS DE PROGRAMAS DO GTI","2023-01-10 09:58:00","GTI",75
95280,92074,"CONFIGURAR LINK DE INTERNET","CONFIGURADO O NOVO ROTEADOR DA VIVO EM BRIDGE E CONFIGURADO O ACESSO NO MIKROTIK","2023-01-10 09:00:00","GTI",75
95279,92073,"ACESSO AO DOWNLOAD DOS ARQUIVOS DO SISH","LINK PARA DOWNLOAD APENAS POR FTP, FIZ A INSTALAÇÃO DA FERRAMENTA FILEZILLA","2023-01-10 08:20:00","FATURAMENTO",75
95273,92072,"EXCLUSAO DE LOGIN","FOI DESATIVADO","2023-01-10 10:02:00","REC. INTERNACAO PARTICULAR",50
95278,92071,"CRIAÇÃO DE CAIXA NO SISTEMA","CRIADO CAIXA PARA MARIA LOPES E RETIRADO O CAIXA DE BRENDA DA USUARIO","2023-01-10 09:49:00","REC. INTERNACAO PARTICULAR",50
95277,92070,"LIBERAR FORMULARIO NO SITE","FOI REALIZADO AJUSTE NO FORMULARIO DE INSCRIÇÃO DO SITE PARA PROCESSO SELETIVO 2023-2, E LIBERADO","2023-01-10 09:28:00","CENTRO DE ESTUDOS/COREME",50
95276,92069,"SUPORTE A IMPLANTAÇÃO DO SISTEMA DA GREEN","LIBERADO AS REGRAS DE ACESSO EXTERNO PARA SUPORTE DA GREEN","2023-01-10 08:36:00","GTI",75
95276,92068,"SUPORTE A IMPLANTAÇÃO DO SISTEMA DA GREEN","LIBERADO AS REGRAS DE ACESSO EXTERNO PARA SUPORTE DA GREEN","2023-01-10 08:36:00","GTI",50
95276,92067,"SUPORTE A IMPLANTAÇÃO DO SISTEMA DA GREEN","FOI LIBERADO CONEXÃO NO SERVIDOR, AUXILIADO NA CRIAÇÃO DE USUARIO NO BANCO DE DADOS, RODANDO SCRIPT, AUXILIADO NA LIBERAÇÃO DOS ARQUIVOS","2023-01-09 16:42:00","GTI",50
95275,92066,"CRIAÇÃO DE USUARIO","CRIADO USUARIO DE YSMAELL TOLEDO BELÉM","2023-01-09 13:58:00","FMC",50
95274,92065,"CRIAÇÃO DE USUARIO","CRIADO USUARIO NO SISTEMA","2023-01-09 13:39:00","CTI",50
95272,92064,"CRIAÇÃO DE USUARIO","CRIADO USUARIO DE MARIA LOPES DA INTERNAÇÃO SOCIAL","2023-01-09 13:26:00","REC. INTERNACAO PARTICULAR",50
95268,92061,"PASTA DE REDE SEM ACESSO NOVAMENTE","PERMISSÕES AJUSTADAS","2023-01-09 16:18:00","DIRETORIA GERAL",61
95250,92059,"CONTA GMAIL","RESOLVIDO","2023-01-09 12:07:00","CTI",61
95267,92058,"INSTALAÇÃO DO SIGTAP","INSTALAÇÃO FEITA","2023-01-09 16:53:00","FATURAMENTO",61
95264,92057,"ENVIAR LISTA DE EMAILS INTITUCIONAIS","LISTA PREPARADA E ENVIADA POR E-MAIL","2023-01-09 16:26:00","CCIH",61
95201,92056,"CRIAR PASTA COMPARTILHADA DA ENFERMAGEM E MAPEAR NOS MICROS DOS ANDARES","PASTA CRIADA NO SERVIDOR, PERMISSÕES E USUARIO CONFIGURADOS.","2023-01-09 10:58:00","2 ANDAR",75
95238,92055,"CRIAR PASTA NO SERVIDOR","PASTA MAPEADA NO MICRO DO NSP COMO SOLICITADO.","2023-01-09 10:55:00","CHEFIA ENFERMAGEM",75
95238,92054,"CRIAR PASTA NO SERVIDOR","PASTA CRIADA NO SERVIDOR","2023-01-09 10:55:00","CHEFIA ENFERMAGEM",75
95263,92053,"COMPUTADOR NAO ABRE MV","INSTALAÇÃO DO IAS","2023-01-09 16:07:00","CENTRO CIRURGICO",61
95260,92048,"CRIAÇÃO DE USUARIO","USUARIO GASTÃO.BARRETO CRIADO NO SISTEMA.","2023-01-09 16:05:00","GTI",75
95236,92045,"COMPUTADOR NÃO ESTÁ RESPONDENDO","MICRO COM BIOS DESCONFIGURADA, CORRIGIDO","2023-01-09 09:15:00","CHEFIA ENFERMAGEM",75
95258,92043,"INSTALAR COMPUTADOR DIREÇÃO","MICRO INSTALADO NA DIREÇÃO COMO SOLICITADO","2023-01-09 13:45:00","DIRETORIA GERAL",61
95258,92042,"INSTALAR COMPUTADOR DIREÇÃO","MICRO INSTALADO NA DIREÇÃO COMO SOLICITADO","2023-01-09 13:45:00","DIRETORIA GERAL",75
95257,92041,"LEITOR UNIMED NÃO FUNCIONA","LEITOR COM MAU CONTATO NO USB, PORÉM, MESMO APOS CORREÇÃO, O MESMO NÃO FUNCIONOU, USUARIO ORIENTADO A ENTRAR EM CONTATO COM O SUPORTE DA UNIMED","2023-01-09 09:20:00","REC. INTERNACAO PARTICULAR",75
95256,92040,"MICRO NÃO LIGA","SSD ESTAVA COM MAU CONTATO, CORRIGIDO","2023-01-09 10:20:00","3 ANDAR-CLINICA MEDICA",75
95255,92037,"GMAIL ESTÁ ABRINDO ERRADO","FOI CRIADO UM ATALHO CORRETO NA TELA INICIAL","2023-01-09 12:21:00","FISIOTERAPIA",61
95251,92036,"SENHA EXPIRADA AMBULATORIO","SENHA ALTERADA","2023-01-09 12:32:00","AMBULATORIOS",61
95248,92031,"ATOLAMENTO DE PAPEL","RESOLVIDO","2023-01-09 10:56:00","5 ANDAR CLINICA CIRURG",61
95247,92030,"INSTALAÇÃO DE MODULO DE SEGURANÇA","MODULO INSTALADO","2023-01-09 09:43:00","ALMOXARIFADO",61
95246,92029,"AREA DE TRABALHO SEM DOCUMENTOS","USUARIO LOGADO ESTAVA DIFERENTE, PROBLEMA RESOLVIDO","2023-01-09 08:14:00","CCIH",61
95245,92028,"AJUSTES DE PERMISSÃO EM PASTA DE REDE","AJUSTE DE PERMISSÃO NA PASTA","2023-01-09 08:34:00","DIRETORIA GERAL",75
95245,92027,"AJUSTES DE PERMISSÃO EM PASTA DE REDE","PROBLEMAS NAS CREDENCIAIS DO USUARIO","2023-01-09 08:34:00","DIRETORIA GERAL",61
95243,92026,"COPIAR DVD DE EXAME","FOI PEGO UM DVD VIRGEM NO ALMOXARIFADO E A CÓPIA FOI FEITA PELO GRAVADOR USB","2023-01-09 10:19:00","REC. AMBULATORIO PARTICULAR",61
95235,92023,"CONFIGURAÇÃO DE PERFIL","LIBERADO SETOR ONCOLOGIA E LAC NO PERFIL DO BRUNO","2023-01-09 08:08:00","ALMOXARIFADO",75
95226,92018,"INSERÇÃO USUARIO NO PERFIL ALUNO_AMBULATORIO","FEITO NOVAMENTE A INSERÇÃO DO PRESTADOR NO PERFIL","2023-01-08 18:34:00","GTI",72
95225,92017,"PACIENTE INTERNADA APARECENDO COMO AMBULATORIO","RESIDENTE INFORMOU QUE O PROBLEMA SÓ ESTAVA OCORRENDO COM UM UNICO PACIENTE. QUE AO ABRIR O ATENDIMENTO NO PEP ESTAVA CARREGANDO A TELA DO AMBULATÓRIO AO INVÉS DA INTERNAÇÃO. AO ANALISAR CONSTATEI QUE NO ATENDIMENTO DA PACIENTE ""MARINEA DE ALEXANDRIA BARCELOS"" COLOCARAM A ORIGEM AMBULATORIO SUS AO INVÉS DE INTERNAÇÃO DO SUS. FIZ A CORREÇÃO DO ATENDIMENTO E O PROBLEMA FOI RESOLVIDO","2023-01-08 11:18:00","3 ANDAR",72
95224,92016,"USUARIO NAO LEMBRA A SENHA","USUARIO SE ENCONTRAVA DESATIVADO. FEITO A REATIVAÇÃO E ALTERAÇÃO DA SENHA","2023-01-08 10:35:00","CTI",72
95223,92015,"COLOCAÇÃO PONTO DE REDE NA DIREÇÃO","FEITO A COLOCAÇÃO DO PONTO DE REDE","2023-01-08 08:30:00","DIRETORIA GERAL",72
95222,92014,"COMPUTADOR IP FINAL 0.55 NAO ABRE O PEP","USUARIO TAMBÉM RECLAMOU QUE A RESOLUCÃO DO COMPUTADOR ESTAVA ACHATADA. FEITO A CORREÇÃO DA RESOLUÇÃO PARA 1366X768","2023-01-08 10:30:00","2 ANDAR",72
95222,92013,"COMPUTADOR IP FINAL 0.55 NAO ABRE O PEP","CABO DE REDE ESTAVA COM MAL CONTATO","2023-01-08 10:30:00","2 ANDAR",72
95221,92012,"COMPUTADOR IP FINAL 0.54 NAO ABRE O PEP","CABO DE REDE ESTAVA COM MAL CONTATO","2023-01-08 10:29:00","2 ANDAR",72
95219,92011,"CABEAMENTO NA DIREÇÃO","PASSAGEM DE CANALETA E INTELAÇÃO DE TOMADA DE REDE","2023-01-07 16:07:00","DIRETORIA GERAL",61
95218,92009,"PACIENTE INTERNADA APARECENDO COMO AMBULATORIO","PRESTADOR EXCLUIDO DO PERFIL ALUNOS_AMBULATORIOS PELO SOULMV","2023-01-07 10:01:00","3 ANDAR-CLINICA MEDICA",50
95218,92008,"PACIENTE INTERNADA APARECENDO COMO AMBULATORIO","IDENTIFICADO QUE O PRESTADOR ESTAVA ABRINDO COM PERFIL ALUNOS_AMBULATORIOS","2023-01-07 10:01:00","3 ANDAR-CLINICA MEDICA",61
95217,92007,"CONFIGURAÇÃO DE ASSINATURA","CONFIGURADO NO EMAIL INTERNACAOPARTICULARHEAA@","2023-01-07 10:32:00","REC. AMBULATORIO PARTICULAR",61
95216,92006,"CONFIGURAÇÃO DE ASSINATURA","ASSINATURA CONFIGURADA","2023-01-05 10:21:00","FISIOTERAPIA",61
95215,92005,"ENVIAR EXAMES POR EMAIL","AS IMAGENS ERAM DO KPACS PORTATIL, TODO O CONTEUDO DO DVD FOI COMPACTADO E ADICIONADO NO DRIVE DO EMAIL INSTITUCIONAL DELES","2023-01-07 10:34:00","REC. AMBULATORIO PARTICULAR",61
95214,92004,"SENHA EXPIROU","USUARIA VEIO NO SETOR, TROCAMOS A SENHA PARA A MESMA SENHA ANTERIOR","2023-01-07 11:43:00","2 ANDAR",61
95193,91976,"CONFIGURAÇÃO DE USUARIO","FEITO RESET E CONFIGURAÇÕES NECESSÁRIAS","2023-01-06 14:39:00","AMBULATORIOS",72
95090,91974,"CONFIGURAÇÃO NOVO TIMBRADO NO MV","LAYOUT DO CABEÇALHO E RODAPÉ DO LAB DE ANALISES CLINICAS EM ANDAMENTO","2023-01-06 17:00:00","GTI",72
95090,91973,"CONFIGURAÇÃO NOVO TIMBRADO NO MV","INSERIDO RESPONSÁVEL TECNICO E CRM NO LAYOUT DO HEAA. CABECALHO CÓD: 2311 E RODAPÉ 2320","2023-01-06 13:33:00","GTI",72
95184,91969,"INSTALAÇÃO DE COMPUTADOR","FOI REALOCADO O COMPUTADOR DE LUGAR NO SETOR E CONECTADO CABO DE REDE DO COMPUTADOR DE ANDRE NO SWITCH NA SALA DO DIRETOR, E O CABO DE REDE DO COMPUTADOR DE FABIANA LIGADO O CONECTOR 2 DE EMENDA, TROCADO A MESA DA IMPRESSORA","2023-01-06 09:52:00","DIRETORIA GERAL",75
95184,91968,"INSTALAÇÃO DE COMPUTADOR","FOI REALOCADO O COMPUTADOR DE LUGAR NO SETOR E CONECTADO CABO DE REDE DO COMPUTADOR DE ANDRE NO SWITCH NA SALA DO DIRETOR, E O CABO DE REDE DO COMPUTADOR DE FABIANA LIGADO O CONECTOR 2 DE EMENDA, TROCADO A MESA DA IMPRESSORA","2023-01-06 09:52:00","DIRETORIA GERAL",50
95173,91967,"INSERIR A FICHA DE INSCRIÇÃO CONCURSO NO SITE HEAA","FINALIZADO EM OUTRA O.S","2023-01-06 11:24:00","CENTRO DE ESTUDOS/COREME",50
95179,91966,"INSERIR PROTOCOLO DO MV PEP","INSERIDO NO POP DO HEAA","2023-01-06 11:21:00","CHEFIA ENFERMAGEM",50
95093,91965,"DIVULGAR NO SITE DO HEAA O EDITAL DO CONCURSO RESIDENCIA MEDICA 2023.2","FOI INSERIDO NO SITE OS BANNERS ENVIADO NO EMAIL, E RETIRADO OS ANTIGOS, FOI ADICIONADO EDITAL DO CONCURSO","2023-01-06 11:23:00","CENTRO DE ESTUDOS/COREME",50
95090,91964,"CONFIGURAÇÃO NOVO TIMBRADO NO MV","LAYOUT DO CABEÇALHO E RODAPÉ DO CSEC CRIADO NO MV EDITOR. AGUARDANDO APROVAÇÃO E ENVIO DOS DADOS DO RESPONSÁVEL TÉCNICO E CRM.","2023-01-06 12:00:00","GTI",72
95181,91962,"COMPUTADOR NÃO LIGA","FEITO LIMPEZA INTERNA E TROCA DE PASTA TÉRMICA","2023-01-06 10:57:00","CCIH",72
95180,91961,"USUARIO NAO CONSEGUE CONCLUIR ATENDIMENTO NO PARA","HAVIA OUTRO USUARIO COM O MESMO PACIENTE EM ABERTO. FEITO O FECHAMENTO DA TELA","2023-01-06 10:07:00","REC. AMBULATORIO PARTICULAR",72
95118,91959,"TECLADO E MOUSE TRAVADOS","PROBLEMA JÁ FOI RESOLVIDO","2023-01-06 09:17:00","CENTRO INFERTILIDADE",72
95175,91957,"USUARIO SEM PERMISSÃO PARA O MODULO PARA","FEITO LIBERAÇÃO DA TELA DE ATENDIMENTO","2023-01-06 09:09:00","RADIOTERAPIA",72
95174,91956,"INSTALAÇÃO DE MONITOR","MONITOR INSTALADO NA SALA DE DR GERALDO","2023-01-06 08:20:00","GTI",75
95172,91955,"DESATIVAÇÃO DE USUARIO","USUARIO NATHALIA ROCHA DE BARROS CARDOSO DESATIVADO DO SISTEMA POR SOLICITAÇÃO DO RH","2023-01-06 07:18:00","GTI",75
95172,91954,"DESATIVAÇÃO DE USUARIO","USUARIO JHENIFER MACIEL MONTEIRO DESATIVADO DO SISTEMA POR SOLICITAÇÃO DO RH","2023-01-06 07:18:00","GTI",75
95172,91953,"DESATIVAÇÃO DE USUARIO","USUARIO MAYRA RIBEIRO FLOR DESATIVADO DO SISTEMA POR SOLICITAÇÃO DO RH","2023-01-06 07:18:00","GTI",75
95171,91952,"CADASTRO DE USUARIO","USUARIO CADASTRADO","2023-01-06 07:23:00","CSEC",72
95170,91951,"COMPUTADOR GUICHE 5","CHEGANDO AO LOCAL O PROBLEMA JA HAVIA SIDO RESOLVIDO","2023-01-06 07:19:00","REC. AMBULATORIO SUS",72
95169,91950,"VERIFICAR PONTOS DE REDE NA NOVA SALA DE AMBULATORIO","A SALA SÓ CHEGA UM CABO DE REDE POR FORA, E A MANUTENÇÃO DISSE QUE TEM UMA CAIXA PARA PASSAGEM DE CABOS, MAS DECIDIRAM QUE NÃO DARIA PARA FAZER NADA LA HOJE","2023-01-05 12:34:00","VIDEO HISTEROSCOPIA",61
95168,91949,"SENHA DO SISTEMA EXPIROU","MEDICO NA UTI, MAS LEMBROU O ACESSO POR TELEFONE","2023-01-05 10:34:00","AMBULATORIOS",61
95168,91948,"SENHA DO SISTEMA EXPIROU","RODRIGO PAES","2023-01-05 10:30:00","AMBULATORIOS",61
95168,91947,"SENHA DO SISTEMA EXPIROU","MEDICO NA SALA 32","2023-01-05 10:15:00","AMBULATORIOS",61
95167,91946,"COMPUTADOR NÃO LIGA","TROCA DE FONTE E LIMPEZA","2023-01-05 12:50:00","SERVICO SOCIAL",61
95166,91945,"CRIAÇÃO DE EMAIL INSTITUCIONAL","OUVIDORIACSEC@","2023-01-05 15:40:00","GTI",61
95166,91944,"CRIAÇÃO DE EMAIL INSTITUCIONAL","INTERNACAOSUSHEAA@","2023-01-05 15:20:00","GTI",61
95165,91943,"CONFIGURAÇÃO DE ASSINATURA DE EMAIL","RICARDO.SOUSA@","2023-01-05 10:05:00","GTI",61
95165,91942,"CONFIGURAÇÃO DE ASSINATURA DE EMAIL","ULLY.AZEVEDO@","2023-01-05 09:55:00","GTI",61
95165,91941,"CONFIGURAÇÃO DE ASSINATURA DE EMAIL","INTERNACAOSUSHEAA@","2023-01-05 09:45:00","GTI",61
95165,91940,"CONFIGURAÇÃO DE ASSINATURA DE EMAIL","SERVICOSOCIALHEAA@","2023-01-05 09:35:00","GTI",61
95164,91939,"IMPRESSORA NAO IMPRIME","CABO DE REDE MAL CONECTADO","2023-01-05 08:14:00","2 ANDAR",61
95130,91938,"IMPRESSORA DA DISPENSAÇÃO SINALIZANDO ERRO.","CHAMADO ABERTO, PROBLEMA CONTORNADO TEMPORARIAMENTE, ACOMPANHEI O TECNICO DEPOIS E ELE FICOU DE PEDIR UNIDADE DE FUSÃO","2023-01-05 10:16:00","FARMACIA",61
95159,91929,"IMPRESSORA NÃO FUNCIONA","IMPRESSORA COM PAPEL ATOLADO, FEITA A CORREÇÃO.","2023-01-05 07:50:00","RAIO-X",75
95157,91925,"ERRO AO LANÇAR PAGAMENTO","MES CONTABIL ESTAVA FECHADO, PROBLEMA SOLUCIONADO PELO FATURAMENTO.","2023-01-05 14:35:00","REC. AMBULATORIO PARTICULAR",75
95156,91924,"CONFIGURAÇÃO DE ASSINATURA DE EMAIL","ASSINATURA DE EMAIL CONFIGURADA","2023-01-05 16:30:00","DIRETORIA GERAL",75
95147,91918,"TECLADO GUICHE 2","TECLADO TROCADO","2023-01-05 15:20:00","REC. AMBULATORIO SUS",75
95152,91917,"INSTALAÇÃO DE COMPUTADOR E MONITOR NA DIREÇÃO","MONITOR  INSTALADO NA SALA DA DIREÇÃO GERAL","2023-01-05 14:00:00","DIRETORIA GERAL",61
95152,91916,"INSTALAÇÃO DE COMPUTADOR E MONITOR NA DIREÇÃO","MICRO INSTALADO NA SALA DA DIREÇÃO GERAL","2023-01-05 14:00:00","DIRETORIA GERAL",75
95150,91913,"PADRONIZAÇAO DE ESTAÇÃO DE TRABALHO","MICRO DO 2 DA SALA DA DIREÇÃO GERAL COM DESCRIÇÃO INCORRETA, CORRIGIDO","2023-01-05 14:30:00","GTI",75
95150,91912,"PADRONIZAÇAO DE ESTAÇÃO DE TRABALHO","MICRO DO 4 ANDAR DA SALA DE GINECOLOGIA COM DESCRIÇÃO INCORRETA, CORRIGIDO","2023-01-05 14:30:00","GTI",75
95150,91911,"PADRONIZAÇAO DE ESTAÇÃO DE TRABALHO","MICRO DO 5 ANDAR COM DESCRIÇÃO INCORRETA, CORRIGIDO","2023-01-05 14:30:00","GTI",75
95111,91909,"COMPUTADOR","MICRO REMOVIDO DO QUARTO ANDAR E INSTALADO NO QUINTA ANDAR","2023-01-05 09:30:00","4 ANDAR - CIRURGICO",75
95111,91908,"COMPUTADOR","MICRO REMOVIDO DO 5 ANDAR E INSTALADO NO 4 ANDAR","2023-01-05 09:30:00","4 ANDAR - CIRURGICO",75
95122,91876,"TESTE","TESTE PARA IMPRESSAO DE OS RESOLVIDO","2023-01-05 09:13:00","NUTRICAO",61
95105,91858,"MÉDICA NÃO ENCONTRA PACIENTES NO SISTEMA","PESSOAL DA MARCAÇÃO GEROU OS ATENDIMENTOS NA AGENDA DO DIA 02/01/2023.","2023-01-04 16:30:00","AMBULATORIOS",72
95101,91857,"IMPRESSORA COM IMPRESSAO RUIM NA UTI CIRURGICA","FEITO ABERTURA DE CHAMADO PARA A UNIVERSO DIGITAL","2023-01-04 17:40:00","CTI",72
95098,91856,"A IMPRESSORA DO POSTO DE ENFERMAGEM NÃO ESTÁ IMPRIMINDO","PAPEL PRESO NA IMPRESSORA, REMOVIDO.","2023-01-04 15:57:00","2 ANDAR",75
95100,91855,"AMBULATÓRIOS","IMRESSORA DO AMBULATÓRIO 11 ESTAVA TRAVADA, RESOLVIDO.","2023-01-04 15:45:00","AMBULATORIOS",75
95100,91854,"AMBULATÓRIOS","MICRO DO AMBULATÓRIO 1 ESTAVA COM MAU CONTATO NA TOMADA,RESOLVIDO","2023-01-04 15:20:00","AMBULATORIOS",75
95094,91853,"CRIAÇÃO DE ASSINATURA","FEITO","2023-01-04 15:20:00","LAB PATOLOGIA",75
95090,91842,"CONFIGURAÇÃO NOVO TIMBRADO NO MV","CONFIGURAÇÃO DO CABEÇALHO E RODAPÉ DO CSEC NO MV EDITOR EM ANDAMENTO","2023-01-04 13:00:00","GTI",72
95091,91841,"LIBERAÇÃO DE ACESSO","LIBERADO ACESSO AO MODULO MGCO PARA SOLICITAR COMPRAS","2023-01-04 11:23:00","LAB PATOLOGIA",50
95091,91840,"LIBERAÇÃO DE ACESSO","LIBERADO ACESSO AO MODULO MGCO PARA SOLICITAR COMPRAS","2023-01-04 11:23:00","LAB PATOLOGIA",50
95090,91839,"CONFIGURAÇÃO NOVO TIMBRADO NO MV","LAYOUT DO CABEÇALHO E RODAPÉ DO HEAA CRIADO NO MV EDITOR. AGUARDANDO APROVAÇÃO E ENVIO DOS DADOS DO RESPONSÁVEL TÉCNICO E CRM.","2023-01-04 11:29:00","GTI",72
95090,91838,"CONFIGURAÇÃO NOVO TIMBRADO NO MV","CONFIGURAÇÃO DO CABEÇALHO E RODAPÉ EM DESENVOLVIMENTO NO MVEDITOR","2023-01-02 18:00:00","GTI",72
95089,91837,"ABERTURA DE CHAMADO","REALIZADO ABERTURA DE CHAMADO PARA IMPRESSORA DA SALA 12A","2023-01-04 10:34:00","REC. AMBULATORIO SUS",50
95088,91836,"ERRO NA IMPRESSORA","VERIFICANDO A IMPRESSORA NA SALA 12A, FOI RETIRADO PAPEL AGARRADO MAS A MESMA CONTINUA AGARRANDO PAPEL, FOI INFORMADA A ANA PAULA SOBRE O OCORRIDO E NECESSARIO ABRIR CHAMADO PARA EMPRESA.","2023-01-04 10:26:00","REC. AMBULATORIO SUS",50
95087,91835,"LIBERAÇÃO DE USUARIO","SETOR LIBERADO","2023-01-04 10:02:00","2 ANDAR",72
95086,91834,"CONFIGURAÇÃO DE ASSINATURA DE EMAIL","ASSINATURA DE EMAIL DA ALINE CALDAS DO NSP CONFIGURADA","2023-01-04 09:50:00","CCIH",75
95086,91833,"CONFIGURAÇÃO DE ASSINATURA DE EMAIL","ASSINATURA DE EMAIL DO NSP CONFIGURADA","2023-01-04 09:50:00","CCIH",75
95086,91832,"CONFIGURAÇÃO DE ASSINATURA DE EMAIL","ASSINATURA DE EMAIL DO SCIH CONFIGURADA","2023-01-04 09:50:00","CCIH",75
95084,91831,"COMPUTADOR SEM REDE NA SALA DE HISTEROSCOPIA","SWITCH DO SETOR NÃO ESTA FUNCIONANDO. FOI SOLICITADO AO SETOR A COMPRA DE OUTRO E COLOCADO UMA EMENDA PARA DEIXAR O COMPUTADOR DA RECEPÇÃO CONECTADO NA REDE","2023-01-04 09:33:00","GINECOLOGIA/AMB",72
95080,91830,"IMPRESSORA DE RECIBO COM ERRO","CABO USB ESTAVA DESCONECTADO","2023-01-04 08:36:00","REC. AMBULATORIO PARTICULAR",72
95078,91829,"MONITOR NÃO FUNCIONA","MONITOR FALHANDO, NECESSÁRIO TROCAR, DEIXEI UM MONITOR RESERVA.ALAIDE IRÁ SOLICITAR A COMPRA DE UM NOVO.","2023-01-04 07:55:00","COLONOSCOPIA",75
95077,91828,"NO CC","USUARIO LIGOU PARA O SETOR INFORMANDO QUE O PROBLEMA JA HAVIA SIDO RESOLVIDO","2023-01-04 07:54:00","CENTRO CIRURGICO",72
95031,91827,"GTI","FEITO INSTALAÇÃO DO DRIVER DO LEITOR BIOMETRICO","2023-01-04 07:52:00","REC. AMBULATORIO PARTICULAR",72
94939,91826,"SOLICITO INSTALAÇÃO DO SIGTAP.","SIGTAP INSTALADO E TABELA DE JAN/23 IMPORTADA

","2023-01-04 07:39:00","REC. INTERNACAO SUS",72
95045,91825,"COMPUTADOR DA ILHA 1 NAO QUER LIGAR","CHEGANDO AO LOCAL O PROBLEMA JÁ HAVIA SIDO RESOLVIDO","2023-01-04 07:32:00","CTI",72
95038,91824,"MOUSE DO GUICHE 2","ATENDIMENTO FINALIZADO NA OS 95075","2023-01-04 07:25:00","REC. AMBULATORIO SUS",72
95075,91823,"MOUSE DO GUICHE 2 NÃO FUNCIONA","CABO USB ESTAVA COM MAL CONTATO","2023-01-04 07:25:00","REC. AMBULATORIO SUS",72
95073,91822,"ARRUMAÇÃO DE CABOS","INSTALAÇÃO DE CANALETA","2023-01-03 17:43:00","CENTRO CIRURGICO",61
95073,91821,"ARRUMAÇÃO DE CABOS","CABOS REPASSADOS PELO FURO DA PAREDE DO SWITCH","2023-01-03 17:25:00","CENTRO CIRURGICO",50
95073,91820,"ARRUMAÇÃO DE CABOS","CABOS REPASSADOS PELO FURO DA PAREDE DO SWITCH","2023-01-03 17:25:00","CENTRO CIRURGICO",61
95072,91819,"LIBERAÇÃO DE MODULO PARA GERAR RELATORIOS","MODULOS LIBERADOS","2023-01-03 16:21:00","ALMOXARIFADO",61
95071,91818,"CRIAÇÃO DE EMAIL","EMAIL CRIADO, ASSINATURA CRIADA, IMPORTAÇÃO DE CONTATOS FEITOS.","2023-01-03 15:34:00","RADIOTERAPIA",61
95070,91817,"ATUALIZAR ASSINATURA DE EMAIL","ASSINATURA ATUALIZADA NO EMAIL ENFERMAGEMHEAA@FBPN...","2023-01-03 14:09:00","CHEFIA ENFERMAGEM",61
95069,91816,"ACESSAR GMAIL","CRIADO UM ATALHO NA PAGINA INICIAL","2023-01-03 12:43:00","DIRETORIA GERAL",61
95068,91815,"TELA DO MONITOR VIROU","RESOLVIDO INSTRUINDO A USAR AS TECLAS DE ATALHO","2023-01-03 12:32:00","ACOLHIMENTO SUS",61
95067,91814,"ATUALIZAÇÃO DE ASSINATURA DE EMAIL","FEITO NO EMAIL DO FELIPE","2023-01-03 11:30:00","DEPARTAMENTO PESSOAL",61
95067,91813,"ATUALIZAÇÃO DE ASSINATURA DE EMAIL","FEITO NO EMAIL DA RENATA","2023-01-03 11:20:00","DEPARTAMENTO PESSOAL",61
95067,91812,"ATUALIZAÇÃO DE ASSINATURA DE EMAIL","FEITO NO EMAIL RH@FBPN...","2023-01-03 11:10:00","DEPARTAMENTO PESSOAL",61
95060,91804,"REUNIÃO GREEN","REUNIÃO SOBRE SAME DIGITAL, REUNIÃO DE ALIAMENTO DO PROJETO","2023-01-03 11:18:00","SAME",50
95059,91803,"EMAIL NÃO CHEGA","O USUARIO RELATOU QUE NÃO ESTAVA RECEBENDO EMAILS, FOI REALIZADO UM TESTE NOS EMAILS E ESTA FUNCINANDO NORMALMENTE, FOI ORIENTADO A VERIFICAR SE ESTAO DIGITANDO O ENDERE","2023-01-03 10:50:00","CENTRO DE ESTUDOS/COREME",50
95050,91802,"SOLICITO CRIAÇÃO DE LOGIN E SENHA PARA NUTRICIONISTA","USUARIO CRIADO.","2023-01-03 11:25:00","NUTRICAO",75
95029,91800,"NO CC","SOLICITAÇÃO ATENDIDA EM OUTRO CHAMADO","2023-01-03 10:34:00","CENTRO CIRURGICO",61
95010,91799,"NAO ESTAR FUNCIONANDO  O MV","COMPUTADOR ESTAVA SEM REDE POR CONTA DE SUJEIRA NA PLACA ONBOARD. TAMBÉM FORAM REFEITAS AS PONTAS DOS CABOS NO SWITCH ALÉM DA LIMPEZA INTERNA DO MICRO","2023-01-03 09:16:00","CENTRO CIRURGICO",61
95054,91798,"ERRO AO LIBERAR AGENDA","A USUARIA NÃO MUDOU O TIPO DE AGENDA, ESTAVA LIBERANDO AGENDA AMBULATORIAL COMO IMAGEM, FOI AUXILIADA E ABRIU NORMAL","2023-01-03 10:18:00","PROCOR",50
95051,91797,"FINALIZAR PRESCRIÇÃO","O CAMPO JUSTIFICATIVA ESTAVA EM BRANCO, FOI PEDIDO PARA PREENCHER","2023-01-03 08:46:00","3 ANDAR",50
95049,91796,"SUPORTE A VISUALIZAR EXAME","AUXILIADA A VISULAIZAR EXAME NO PAGU POIS DEU ERRO EM UM PACIENTE NO MVPEP","2023-01-03 09:42:00","5 ANDAR CLINICA CIRURG",50
95048,91795,"GERAÇÃO DE RELATORIO DE INTERNAÇÕES","GERADO RELATORIO DE INTERNADOS, ALTAS E OBITOS DO 5 ANDAR PARA O ENFERMEIRO","2023-01-03 09:17:00","5 ANDAR CLINICA CIRURG",50
95046,91794,"SUPORTE AGENDA","SUPORTE A GERAÇÃO DE AGENDA PARA AMBULATORIO","2023-01-03 10:28:00","CSEC",50
95015,91793,"CADASTRO DE ITENS","CADASTRO DE ITENS PARA ORÇAMENTO","2023-01-03 10:00:00","FMC",50
95028,91779,"INSTALAÇÃO COMPUTADOR ALMOXARIFADO","FEITO PASSAGEM DO CABO DE REDE E COLOCAÇÃO DE CANALETAS","2023-01-02 16:03:00","ALMOXARIFADO",50
95028,91778,"INSTALAÇÃO COMPUTADOR ALMOXARIFADO","FEITO PASSAGEM DO CABO DE REDE E COLOCAÇÃO DE CANALETAS","2023-01-02 16:03:00","ALMOXARIFADO",72
95028,91777,"INSTALAÇÃO COMPUTADOR ALMOXARIFADO","COMPUTADOR INSTALADO","2023-01-02 16:03:00","ALMOXARIFADO",50
95028,91776,"INSTALAÇÃO COMPUTADOR ALMOXARIFADO","COMPUTADOR INSTALADO","2023-01-02 16:03:00","ALMOXARIFADO",72
95023,91768,"ABERTURA DE CHAMADO UNIVERSO DIGITAL IMPRESSORA CTI ILHA 2","FEITO ABERTURA DE CHAMADO","2023-01-02 14:24:00","CTI",72
95015,91753,"CADASTRO DE ITENS","CADASTRO DE ITENS NO SISTEMA NASAJON","2023-01-02 12:01:00","FMC",72
95015,91752,"CADASTRO DE ITENS","CADASTRO DE ITENS NO SISTEMA NASAJON","2023-01-02 12:01:00","FMC",50
95005,91747,"IMPRESSORA COM FALHA NA IMPRESSAO","FOI FEITO A LIMPEZA, MELHOROU A IMPRESSÃO","2023-01-02 09:42:00","CTI",50
95006,91746,"SUPORTE USUARIO","REALIZADO ALTERAÇÃO DO ATALHO DO GISS, PORTAL DE NOTA FISCAL","2023-01-02 09:28:00","FINANCEIRO",50
95003,91745,"SUPORTE A FACULDADE DE MEDICINA","SUPORTE ALTERAÇÃO DE SENHA DO USUARIO NO NASAJON","2023-01-02 08:34:00","FMC",50
95002,91744,"ABERTURA DE AGENDA","USUARIO AUXILIADO A ABRIR AGENDA 2023","2023-01-02 09:23:00","ENDOSCOPIA",75
95000,91743,"INSTALAÇÃO DE IMPRESSORA","JUNTO COM A MUDANÇA DO COMPUTADOR DE ALINE, FOI FEITO A INSTALAÇÃO DA IMPRESSORA DO CCIH NA MAQUINA","2023-01-02 08:55:00","CCIH",50
94998,91742,"SUPORTE","LIBERADO NO SISTEMA MV, OS PERFIS DE ESTOQUE, 61,116,127, LIBERADO ACESSOS AS MOVIMENTAÇÕES DO ESTOQUE SUPRIMENTOS E ALMOXARIFADO","2023-01-02 09:19:00","DIRETORIA GERAL",50
94999,91741,"GERAÇÃO DE AGENDA ENDOSCOPIA","FEITO A GERAÇÃO DA AGENDA","2023-01-02 09:12:00","ENDOSCOPIA",72
94998,91740,"SUPORTE","ANDRE MATIAS SOLICITOU APOIO PARA COLOCAÇÃO DE UM NOVO COMPUTADOR NO ALMOXARIFADO E LIBERAÇÃO NO SISTEMA MV2000 PARA NOVO FUNCIONARIO","2023-01-02 09:10:00","DIRETORIA GERAL",50
94994,91739,"COMPUTADOR DA ILHA 2 NAO LIGA","CABO DE ENERGIA FOI RETIRADO DO COMPUTADOR POR ALGUÉM NÃO IDENTIFICADO. FOI COLOCADO UM NOVO CABO NO LUGAR","2023-01-02 09:13:00","CTI",72
94973,91738,"INSTALAÇÃO DO COMNPUTADOR NA SALA DO SCIH","FEITO A CLIMPAGEM DE UM NOVO CABO DE REDE","2023-01-02 08:55:00","CHEFIA ENFERMAGEM",72
94973,91737,"INSTALAÇÃO DO COMNPUTADOR NA SALA DO SCIH","COMPUTADOR INSTALADO NO CCIH","2023-01-02 08:55:00","CHEFIA ENFERMAGEM",50
94973,91736,"INSTALAÇÃO DO COMNPUTADOR NA SALA DO SCIH","COMPUTADOR INSTALADO NO CCIH","2023-01-02 08:55:00","CHEFIA ENFERMAGEM",72
94986,91735,"IMPRESSORA SEM FUNCIONAR","CABO USB ESTAVA COM MAL CONTATO","2023-01-02 08:38:00","REC. AMBULATORIO PARTICULAR",72
94989,91734,"COMPUTADOR DA SALA 10, NÃO ESTÁ LIGANDO","SALA 9 SE ENCONTRA EM OBRAS, COM ISSO FOI DESLIGADO A ENERGIA DAS TOMADAS O QUE INTERFERIU NA SALA 10 POR ESTAREM NO MESMO CIRCUITO. O MEDICO QUE IRÁ ATENDER SERÁ REMANEJADO PARA OUTRA SALA","2023-01-02 08:31:00","REC. INTERNACAO SUS",72
94990,91733,"CORREÇÃO NOME USUARIO NO MV","FEITO CORREÇÃO DO NOME","2023-01-02 08:15:00","REC. AMBULATORIO SUS",72
94987,91732,"USUARIO LANÇOU IMAGENS DE RAIOX NO PEDIDO DE OUTRO PACIENTE","FEITO A CORREÇÃO DO EXAME AC Nº931017 NO DATAMAKER.","2023-01-02 07:35:00","RAIO-X",72
94987,91731,"USUARIO LANÇOU IMAGENS DE RAIOX NO PEDIDO DE OUTRO PACIENTE","FEITO A CORREÇÃO DO EXAME AC Nº931008 NO DATAMAKER.","2023-01-02 07:35:00","RAIO-X",72
94918,91730,"SOLICITO REPAROS NA IMPRESSORA","CHAMADO ABERTO PARA A UNIVERSO DIGITAL SOLICITANDO MANUTENÇÃO NA IMPRESSORA CITADA.","2023-01-02 07:20:00","REC. INTERNACAO SUS",75
94964,91729,"IMPRESSORA AGARRANDO FOLHA","CHAMADO ABERTO PARA A EMPRESA UNIVERSO DIGITAL SOLICITANDO MANUTENÇÃO NA IMPRESSORA CITADA.","2023-01-02 07:20:00","CTI",75
94954,91728,"PASTA COMPARTILHADA NÃO ABRE.","PASTA NÃO ABRE DEVIDO A INTERVENÇÃO REALIZADA NO SERVIDOR DE ARQUIVOS, RESOLVIDO.","2023-01-02 07:10:00","REC. AMBULATORIO SUS",75
94985,91727,"TROCA DE SENHA","SENHA TROCADA","2023-01-02 07:20:00","CENTRO CIRURGICO",72
